domain	n	passed	pass_at_1
Relativity	143	11	0.076923
QFT	140	20	0.142857
Particles	127	16	0.125984
SpaceAndTime	71	5	0.070423
Mathematics	59	7	0.118644
StringTheory	48	1	0.020833
QuantumMechanics	42	4	0.095238
Units	22	12	0.545455
Electromagnetism	15	0	0.000000
Thermodynamics	13	5	0.384615
